corp_code,한글 종목약명,단축코드
5681880.0,마이크로컨텍솔,098120
1281110.0,포스코엠텍,009520
3804290.0,CMG제약,058820
1756230.0,ES큐브,050120
1555860.0,HLB이노베이션,024850
1575390.0,KB오토시스,024120
1112180.0,KD,044180
4458410.0,MDS테크,086960
9386880.0,SBI핀테크솔루션즈,950110
5062940.0,가비아,079940
4413040.0,가온그룹,078890
13647470.0,가온칩스,399720
2610090.0,감성코퍼레이션,036620
10325830.0,강동씨앤엘,198440
10256440.0,강스템바이오텍,217730
1006010.0,강원에너지,114190
5874570.0,갤럭시아머니트리,094480
2060390.0,경남스틸,039240
3070280.0,경남제약,053950
1015490.0,경동제약,011040
1023530.0,경창산업,024910
3362970.0,고려신용정보,049720
1030150.0,고려제약,014570
13990710.0,고바이오랩,348150
14162350.0,고스트스튜디오,950190
5799990.0,고영,098460
2495020.0,골드앤에스,035290
10675160.0,골프존,215000
6744980.0,골프존뉴딘홀딩스,121440
13073350.0,공구우먼,366030
1036350.0,광림,014200
1864520.0,광무,029480
1041200.0,광진실업,026910
16207130.0,교보12호스팩,421800
16776780.0,교보13호스팩,440790
17606400.0,교보14호스팩,456490
17818470.0,교보15호스팩,465320
18457010.0,교보16호스팩,482520
2020600.0,구영테크,053270
2539850.0,국보디자인,066620
2567150.0,국순당,043650
1045370.0,국영지앤엠,006050
2038470.0,국일신동,060480
1045730.0,국일제지,078130
13299570.0,국전약품,307750
2445610.0,그래디언트,035080
11709620.0,GRT,900290
12992030.0,그리드위즈,453450
6719780.0,그리티,204020
13708630.0,그린리소스,402490
5320590.0,그린생명과학,114450
6022790.0,그린플러스,186230
5408630.0,GST,083450
7832460.0,글로벌에스엠,900070
10427110.0,글로벌텍스프리,204620
1597310.0,글로본,019660
1054750.0,금강철강,053260
8726560.0,금양그린파워,282720
1765160.0,금화피에스시,036190
3770180.0,기가레인,049080
7655690.0,기가비스,420770
2584210.0,기산텔레콤,035460
11818070.0,까스텔바작,308100
15864550.0,꿈비,407400
9949940.0,나노,187790
11360010.0,나노브릭,286750
4399650.0,나노신소재,121600
6604590.0,나노씨엠에스,247660
2304250.0,나노엔텍,039860
5420740.0,나노캠텍,091970
15241180.0,나노팀,417010
10216390.0,나라셀라,405920
2970950.0,나라엠앤디,051490
3621220.0,나래나노텍,137080
8193740.0,나무가,190510
11363480.0,나무기술,242040
4860970.0,나스미디어,089600
6510170.0,나우IB,293580
7676280.0,나이벡,138610
6062930.0,나이스디앤비,130580
2649450.0,나이스정보통신,036800
12088490.0,나인테크,267320
2456940.0,남화산업,111710
1080010.0,남화토건,091590
9237920.0,내츄럴엔도텍,168330
5991060.0,네오리진,094860
11708650.0,네오셈,253590
8768650.0,네오오토,212560
6288600.0,네오위즈,095660
2669520.0,네오위즈홀딩스,042420
15115580.0,네오이뮨텍,950220
12191550.0,네오크레마,311390
4479280.0,네오티스,085910
5519200.0,네오팜,092730
12460340.0,네오펙트,290660
13254290.0,네온테크,306620
8425850.0,네이블,153460
1172760.0,네이처셀,007390
2273330.0,네패스,033640
13683540.0,네패스아크,330860
4164140.0,넥스턴바이오,089140
13850500.0,넥스트바이오메디컬,389650
6145930.0,넥스트아이,137940
9749270.0,NEW,160550
15158640.0,넥스트칩,396270
10802520.0,넥스틴,348210
10963410.0,넥슨게임즈,225570
10678080.0,넵튠,217270
6328450.0,노랑풍선,104620
8113720.0,노바렉스,194700
12592320.0,노바텍,285490
3059410.0,노브랜드,145170
5363290.0,노블엠앤비,106520
14941180.0,노을,376930
5139480.0,녹십자엠에스,142280
11350570.0,녹십자웰빙,234690
8674780.0,아시아종묘,154030
12991060.0,우듬지팜,403490
1768350.0,농우바이오,054050
4109970.0,누리플랜,069140
2698890.0,누리플렉스,040160
13946690.0,누보,332290
13364610.0,뉴로메카,348340
3513750.0,뉴보텍,060260
8094290.0,뉴온,123840
1050400.0,뉴인텍,012340
8203890.0,뉴지랩파마,214870
12142480.0,뉴트리,270870
5213900.0,뉴파워프라즈마,144960
4935100.0,뉴프렉스,085670
3899700.0,다날,064260
14166420.0,다보링크,340360
2682510.0,다산네트웍스,039560
6245180.0,다산솔루에타,154040
2387820.0,다우데이타,032190
13443630.0,다원넥스뷰,323350
5233070.0,다원시스,068240
1912870.0,대동금속,020400
1093100.0,대동기어,008830
1092680.0,대동스틸,048470
1095870.0,대륙제관,004780
1097810.0,대림제지,017650
1048100.0,대명소노시즌,007720
11505150.0,대명에너지,389260
4509950.0,대모,317850
12594180.0,대보마그네틱,290670
4428260.0,대봉엘에스,078140
3908600.0,대산F&B,065150
1773200.0,대성미생물,036480
1090370.0,대성창투,027830
4429050.0,대성파인텍,104040
5773350.0,대성하이텍,129920
16750140.0,대신밸런스제13호스팩,438220
16964510.0,대신밸런스제14호스팩,442310
17514480.0,대신밸런스제15호스팩,457390
17384830.0,대신밸런스제16호스팩,457630
17928250.0,대신밸런스제17호스팩,471050
18176100.0,대신밸런스제18호스팩,478780
1108750.0,대신정보통신,020180
3183160.0,대아티아이,045390
1111930.0,대양전기공업,108380
1118380.0,대원,007680
3518070.0,대원미디어,048910
1118740.0,대원산업,005710
3849480.0,대유,290380
2509970.0,대정화금,120240
1124570.0,대주산업,003310
1778160.0,대주전자재료,078600
1778700.0,대창솔루션,096350
1127210.0,대창스틸,140520
6083160.0,대한과학,131220
1132610.0,대한광통신,010170
2073750.0,대한뉴팜,054670
1131280.0,대한약품,023910
1661750.0,대호특수강,021040
2107400.0,대화제약,067080
3514540.0,더테크놀로지,043090
12147430.0,더네이쳐홀딩스,298540
2056870.0,더라미,032860
12913170.0,더블유씨피,393890
13182610.0,더블유에스아이,299170
5192520.0,THE E&M,089230
5304130.0,더코디,224060
10615580.0,덕산네오룩스,213420
10216660.0,덕산테코피아,317330
4710680.0,덕산하이메탈,077360
4549370.0,덕신이피씨,090410
5712980.0,덕우전자,263600
10087620.0,데브시스터즈,194480
8778190.0,데이타솔루션,263800
10219490.0,덱스터,206560
11874940.0,덴티스,261200
4493790.0,도이치모터스,067990
1146860.0,동구바이오제약,006620
1726800.0,동국산업,005160
4728900.0,동국알앤에스,075970
4155940.0,동국S&C,100130
1148080.0,동국제약,086450
5266780.0,동방선기,099410
2311050.0,동성화인텍,033500
1164080.0,동신건설,025950
4892430.0,동아엘텍,088130
1999880.0,동아화성,041930
1788510.0,동양에스텍,060380
1787900.0,동양이엔피,079960
9939310.0,동양파일,228340
2287120.0,동우팜투테이블,088910
6959690.0,동운아나텍,094170
1179660.0,동원개발,013120
1182840.0,동일금속,109860
1990760.0,동일기연,032960
1729450.0,동일철강,023790
1188040.0,동진쎄미켐,005290
1730320.0,동화기업,025900
5635450.0,두산테스나,131970
4077710.0,듀오백,073190
2300360.0,드래곤플라이,030350
10386930.0,드림시큐리티,203650
9168260.0,드림씨아이에스,223250
3644670.0,드림어스컴퍼니,060570
14926880.0,드림인사이트,362990
10686580.0,디딤이앤에프,217620
1257250.0,디모아,016670
6245090.0,디바이스이엔지,187870
17314530.0,DB금융스팩11호,456440
18145890.0,DB금융스팩12호,477760
5767980.0,디아이티,110990
9661680.0,디알젬,263690
10628670.0,디알텍,214680
13767150.0,디앤디파마텍,347850
11864040.0,디앤씨미디어,263720
14560110.0,디어유,376300
11097150.0,DSC인베스트먼트,241520
5301210.0,디에스케이,109740
11825780.0,DH오토리드,290120
1105830.0,DH오토웨어,025440
6601210.0,디에이테크놀로지,196490
3031920.0,디에이피,066900
9959930.0,DXVX,180400
6425410.0,디엔에이링크,127120
5696910.0,디엔에프,092070
3615940.0,DMS,068790
1159310.0,디오,039840
10893780.0,디와이디,219550
13364430.0,디와이씨,310870
6021360.0,디와이피엔에프,104460
4451600.0,디이엔티,079810
5767890.0,디젠스,113810
2955470.0,디지아이,043360
6270290.0,DGI,099520
6813730.0,디지캡,197140
3988080.0,디지털대성,068930
2314420.0,디지틀조선,033130
3676950.0,DGP,060900
5330030.0,디케이락,105740
8925260.0,디케이앤디,263020
11379030.0,디케이티,290550
3717400.0,디티씨,066670
6755940.0,디티앤씨,187220
14374320.0,디티앤씨알오,383930
6292120.0,딜리,131180
13448310.0,딥노이드,315640
10751260.0,딥마인드,223310
13270920.0,라닉스,317120
15042110.0,라메디텍,462510
2554330.0,라온시큐어,042510
9112290.0,라온테크,232680
9655120.0,라온텍,418420
12514890.0,라온피플,300120
3171040.0,라이온켐텍,171120
15691020.0,라이콤,388790
13367620.0,라이프시맨틱스,347700
10581010.0,라파스,214260
9908190.0,래몽래인,200350
6542720.0,램테크놀러지,171010
5451140.0,랩지노믹스,084650
10683480.0,러셀,217500
2613550.0,레드캡투어,038390
10113950.0,레몬,294140
14680610.0,레뷰코퍼레이션,443250
8287610.0,레이,228670
8994590.0,레이언스,228850
15733810.0,레이저쎌,412350
11614320.0,레이저옵텍,199550
12556520.0,레이크머티리얼즈,281740
12616440.0,레인보우로보틱스,277810
10639900.0,로보로보,215100
5365230.0,로보스타,090360
9460300.0,로보티즈,108490
11392660.0,로스웰,900260
2381990.0,로지시스,067730
3634860.0,로체시스템즈,071280
13976200.0,루닛,328130
4063290.0,루멘스,038060
8426190.0,리가켐바이오,141080
3696570.0,리노공업,058470
1802630.0,리더스코스메틱,016100
1177080.0,리드코프,012700
12756650.0,리메드,302550
4407120.0,리튬포어스,073570
12100660.0,리파인,377450
6169620.0,린드먼아시아,277070
3524990.0,링네트,042500
10356780.0,링크드,193250
11099550.0,링크제니시스,219420
11369770.0,마녀공장,439090
7703120.0,마니커에프앤지,195500
12978980.0,마음AI,377480
12679670.0,마이크로디지탈,305090
6243780.0,마이크로투나노,424980
8771740.0,엠브레인,169330
2613730.0,마크로젠,038290
12345070.0,매일유업,267980
1209240.0,매일홀딩스,005990
5966770.0,매커스,093520
14090950.0,맥스트,377030
3647400.0,머큐리,100590
4253510.0,멀티캠퍼스,067280
4222840.0,메가스터디,072870
10748620.0,메가스터디교육,215200
8075550.0,메가엠디,133750
9235160.0,메가터치,446540
13363730.0,메드팩토,235980
2734390.0,메디아나,041920
2678540.0,메디앙스,014100
3568390.0,메디콕스,054180
5801990.0,메디톡스,086900
4539290.0,메디포스트,078160
15966560.0,메쎄이상,408920
1361010.0,메이슨캐피탈,021880
8080220.0,메지온,140410
6520070.0,메카로,241770
3176810.0,메타바이오메드,059210
2701130.0,멕아이씨에스,058110
15836520.0,모니터랩,434480
4800480.0,모다이노칩,080420
6577830.0,모델솔루션,417970
4562180.0,모두투어,080160
5566150.0,모바일어플라이언스,087260
4980010.0,모베이스,101330
1372340.0,모베이스전자,012860
14935350.0,모비데이즈,363260
12101900.0,모비릭스,348030
11651550.0,모비스,250060
14238370.0,모아데이타,288980
5879250.0,모아라이프플러스,142760
2412090.0,모아텍,033200
14071580.0,모코엠시스,333050
8769080.0,모트렉스,118990
1633180.0,모헨즈,006920
2159760.0,MIT,038340
1215070.0,무림SP,001810
11901240.0,미디어젠,279600
5268360.0,미래나노텍,095500
2998440.0,미래반도체,254490
10719440.0,미래생명자원,218150
16833870.0,미래에셋드림스팩1호,442900
3400960.0,미래에셋벤처투자,100790
16012860.0,미래에셋비전스팩1호,412930
16923210.0,미래에셋비전스팩2호,446190
17024240.0,미래에셋비전스팩3호,448830
18142330.0,미래에셋비전스팩4호,477380
18172490.0,미래에셋비전스팩5호,477470
18198670.0,미래에셋비전스팩6호,478440
18416350.0,미래에셋비전스팩7호,482680
4477600.0,미래컴퍼니,049950
10478400.0,미스터블루,207760
3669420.0,미코,059090
10491670.0,미코바이오메드,214610
9658130.0,미투온,201490
16890350.0,민테크,452200
14674510.0,밀리의서재,418470
10467080.0,바디텍메드,206640
1222050.0,바른손,018700
2595900.0,바른손이앤에이,035620
2160270.0,바이넥스,053030
4037930.0,바이브컴퍼니,301300
3267310.0,바이오니아,064550
11174130.0,바이오다인,314930
10477070.0,바이오로그디바이스,208710
5609820.0,바이오솔루션,086820
2408570.0,바이오스마트,038460
11609740.0,바이오에프디엔씨,251120
11100580.0,바이오인프라,199730
4475020.0,바이오톡스텍,086040
6366560.0,바이오플러스,099430
2320890.0,바이온,032980
13357900.0,바이젠셀,308080
2642550.0,바텍,043150
13358510.0,박셀바이오,323990
11822400.0,배럴,267790
3600360.0,백금T&A,046310
13981510.0,밸로프,331520
11385950.0,뱅크웨어글로벌,199480
16055290.0,버넥트,438700
3782200.0,버킷스튜디오,066410
14354890.0,범한퓨얼셀,382900
10438530.0,베노티앤알,206400
2679060.0,베뉴지,019010
8133890.0,베셀,177350
16223310.0,벨로크,424760
5684610.0,보광산업,225530
11246800.0,보라티알,250000
13277460.0,보로노이,310210
2678810.0,보성파워텍,006910
10987920.0,본느,226340
1242760.0,부스타,008470
2430670.0,부방,014470
13442020.0,뷰노,338220
6093240.0,뷰웍스,100120
11474870.0,뷰티스킨,406820
13911030.0,브랜드엑스코퍼레이션,337930
6428970.0,브레인즈컴퍼니,099390
3590760.0,브리지텍,064480
12270390.0,브릿지바이오테라퓨틱스,288330
13547400.0,브이씨,365900
5445770.0,브이엠,089970
10277940.0,브이원텍,251630
1501650.0,브이티,018290
15596370.0,블루엠텍,439580
2380010.0,블루콤,033560
15088550.0,블리츠웨이스튜디오,369370
5635180.0,비나텍,126340
6936510.0,비덴트,121800
5331910.0,비보존 제약,082800
11531050.0,비비씨,318410
15068480.0,비스토스,419540
13016230.0,비씨엔씨,146320
2560430.0,비씨월드제약,200780
14627390.0,비아이매트릭스,413640
6100830.0,비아트론,141000
4097880.0,비에이치아이,083650
6560210.0,BF랩스,139050
16893360.0,비엔케이제1호스팩,445360
18002850.0,비엔케이제2호스팩,473370
3847170.0,비엘팜텍,065170
5247860.0,비엠티,086670
14066180.0,비올,335890
11100760.0,비유테크놀러지,230980
10146570.0,비즈니스온,138580
5995950.0,BGF에코머티리얼즈,126600
1547180.0,비츠로셀,082920
2014320.0,비츠로시스,054220
1036440.0,비츠로테크,042370
3695690.0,비케이홀딩스,050090
9800430.0,비큐AI,148780
13267920.0,비투엔,307870
13819840.0,비트나인,357880
2317070.0,비트컴퓨터,032850
11090700.0,비피도,238200
4789000.0,빅솔론,093190
3853630.0,빅텍,065450
5500820.0,빅텐츠,210120
1734490.0,빌리언스,044480
3674820.0,빛과전자,069540
3592610.0,빛샘전자,072950
12839740.0,삐아,451250
8574800.0,사람인,143240
16766420.0,사피엔반도체,452430
15163680.0,산돌,419120
7991770.0,삼기,122350
15268060.0,삼기이브이,419050
1254880.0,삼륭물산,014970
1256460.0,삼목에스폼,018310
3510920.0,삼보모터스,053700
1258220.0,삼보산업,009620
1259380.0,삼보판지,023600
16241620.0,삼성스팩6호,425290
16752270.0,삼성스팩7호,439250
17009210.0,삼성스팩8호,448740
17865140.0,삼성스팩9호,468510
1267880.0,삼아제약,009300
3783630.0,3S,060310
4055060.0,삼영에스앤씨,361670
2506140.0,삼영엠텍,054540
2883430.0,삼영이엔씨,065570
1279090.0,삼일,032280
1279360.0,삼일기업공사,002290
1283150.0,삼지전자,037460
1733510.0,삼진,032750
2395140.0,삼진엘앤디,054090
1285460.0,삼천당제약,000250
1286070.0,삼천리자전거,024950
2396390.0,삼표시멘트,038500
2622660.0,삼현,437730
1289260.0,삼현철강,017480
3011120.0,삼화네트웍스,046390
1296150.0,상보,027580
3061620.0,상상인,038540
16043710.0,상상인제3호스팩,415580
17171700.0,상상인제4호스팩,452670
4807830.0,상신이디피,091580
7609990.0,상신전자,263810
1812990.0,상아프론테크,089980
2320070.0,상지건설,042940
1479940.0,새로닉스,042600
8628800.0,새빗켐,107600
12422410.0,샌즈랩,411080
11997270.0,샘씨엔에스,252990
13871640.0,샤페론,378800
8679730.0,서남,294630
3734470.0,서린바이오,038070
1303830.0,서부T&D,006730
1304080.0,서산,079650
1665280.0,서암기계공업,100660
1532780.0,서연탑메탈,019770
3055700.0,서울리거,043710
4884020.0,서울바이오시스,092190
1307630.0,서울반도체,046890
4109150.0,서울옥션,063170
1305870.0,서울전자통신,027040
1310180.0,서울제약,018680
4457990.0,서원인텍,093920
8692720.0,서전기전,189860
8380050.0,서진시스템,178320
8001450.0,서진오토모티브,122690
5992850.0,서플러스글로벌,140070
1315040.0,서한,011370
2206220.0,서호전기,065710
2198480.0,서희건설,035890
9219160.0,석경에이티,357550
1318960.0,선광,003100
4070360.0,선바이오,067370
3278190.0,선익시스템,171090
1322020.0,선진뷰티사이언스,086710
1323180.0,성광벤드,014620
2164980.0,성도이엔지,037350
3643060.0,성우전자,081580
3504820.0,성우테크론,045300
1329920.0,성우하이텍,015750
12743290.0,성일하이텍,365340
4863700.0,성창오토텍,080470
3172100.0,성호전자,043260
9136890.0,세경하이테크,148150
13058690.0,세니젠,188260
1336630.0,세동,053060
14165720.0,세림B&G,340440
1337510.0,세명전기,017510
1338760.0,세보엠이씨,011560
5347010.0,세아메카닉스,396300
3622010.0,세운메디칼,100700
1735910.0,세원물산,024830
9592290.0,세종메디칼,258830
2680020.0,세종텔레콤,036630
2646710.0,세중,039310
4067270.0,세진티에스,067770
3516300.0,세코닉스,053450
10913820.0,세토피아,222810
11692670.0,세화피앤씨,252500
15936680.0,센서뷰,321370
10233180.0,센코,347000
11145860.0,셀레믹스,331920
3101560.0,셀루메드,049180
12352960.0,셀리드,299660
11824440.0,셀리버리,268600
6660640.0,셀바스AI,108860
10474510.0,셀바스헬스케어,208370
12884100.0,셀바이오휴먼텍,318160
5413490.0,셀트리온제약,068760
3088960.0,셀피글로벌,068940
3635100.0,소니드,060230
6055220.0,소룩스,290690
14421150.0,소마젠,950200
2042260.0,소프트센,032680
11824080.0,소프트캠프,258790
3068700.0,손오공,066910
2499820.0,솔본,035610
14896480.0,솔브레인,357780
2479750.0,솔브레인홀딩스,036830
10507380.0,솔트룩스,304100
13903990.0,솔트웨어,328380
3037940.0,쇼박스,086980
5770160.0,수산아이앤티,050960
2439790.0,수성웹툰,084180
10639540.0,수젠텍,253840
3996940.0,SOOP,067160
10126400.0,슈어소프트테크,298830
11246530.0,슈프리마,236200
5999570.0,슈프리마에이치큐,094840
9178610.0,슈피겐코리아,192440
15552150.0,스마트레이더시스템,424960
5800560.0,스맥,099440
12902480.0,스코넥,276040
8967530.0,스킨앤스킨,159910
3735710.0,스타코링크,060240
4059590.0,스타플렉스,115570
13052490.0,스톤브릿지벤처스,330730
12262700.0,스톰테크,352090
10462030.0,스튜디오산타클로스,204630
11686840.0,스튜디오드래곤,253450
11399650.0,스튜디오미르,408900
15408150.0,스튜디오삼익,415380
1361650.0,스페코,013810
10363670.0,스피어파워,203690
1354670.0,승일,049830
1700260.0,시공테크,020710
1582190.0,시그네틱스,033170
4759850.0,시너지이노베이션,048870
2030230.0,시노펙스,025320
11883780.0,시스웍,269620
12847510.0,시지트로닉스,429270
15795700.0,시큐레터,418250
4021100.0,시큐브,131090
11134990.0,시큐센,232830
9615700.0,신도기연,290520
1359990.0,신라섬유,001000
1360040.0,신라에스지,025870
9199660.0,신라젠,215600
1362260.0,신성델타테크,065350
7611830.0,신성에스티,416180
9586640.0,신스틸,162300
11308490.0,신시웨이,290560
1364480.0,신신제약,002800
17968580.0,신영스팩10호,472220
16563740.0,신영스팩8호,430220
16899380.0,신영스팩9호,445970
1369250.0,신원종합개발,017000
1370580.0,신일제약,012790
5773800.0,신진에스엠,138070
13443360.0,신테카바이오,226330
16164820.0,신한제10호스팩,418210
17191050.0,신한제11호스팩,452980
18095690.0,신한제12호스팩,474660
18077470.0,신한제13호스팩,474930
2283500.0,신화인터텍,056700
9251890.0,신화콘텍,187270
8073790.0,신흥에스이씨,243840
9820230.0,실리콘투,257720
10957220.0,심텍,222800
1521270.0,심텍홀딩스,036710
6591610.0,싸이맥스,160980
12939530.0,싸이버원,356890
10463910.0,싸이토젠,217330
1383030.0,쌍용정보통신,010280
10494220.0,썸에이지,208640
10910540.0,쎄노텍,222420
2395960.0,쎄니트,037760
4492540.0,쎄트렉아이,099320
3574300.0,쎌바이오텍,049960
5617230.0,쏘닉스,088280
3644030.0,쏠리드,050890
1516050.0,CBI,013720
4927060.0,씨싸이트,109670
2494410.0,씨씨에스,066790
10904710.0,씨아이에스,222080
12264100.0,씨앤씨인터내셔널,352480
1492660.0,CNH,023460
6053280.0,씨앤지하이테크,264660
8752370.0,씨앤투스,352700
3186620.0,CNT85,056730
15142270.0,씨어스테크놀로지,458870
3037030.0,CS,065770
7654620.0,씨에스베어링,297090
4060370.0,CSA 코스믹,083660
8000840.0,씨엑스아이,900120
14874460.0,씨엔알리서치,359090
6600330.0,씨엔플러스,115530
6812490.0,씨유메디칼,115480
13150420.0,씨유박스,340810
5751060.0,씨유테크,376290
9912980.0,씨이랩,189330
10710410.0,CJ 바이오사이언스,311690
2653240.0,CJ ENM,035760
1279540.0,CJ프레시웨이,051500
7887730.0,씨젠,096530
4078140.0,CG인바이츠,083790
5206100.0,씨큐브,101240
3622920.0,씨티씨바이오,060590
11440280.0,씨티케이,260930
3498110.0,씨티프라퍼티,052300
16012220.0,씨피시스템,413630
1384460.0,아가방컴퍼니,013990
7619520.0,아나패스,123860
1617810.0,아난티,025980
6119120.0,아모그린텍,125210
2984470.0,아모텍,052710
4664280.0,아미노로직스,074430
5457340.0,아미코젠,092040
4421450.0,아바코,083930
4420480.0,아바텍,149950
1385980.0,아비코전자,036010
1387470.0,아세아텍,050860
9223040.0,아셈스,136410
11572350.0,아스타,246720
4096810.0,아스트,067390
5617320.0,아스플로,159010
6656760.0,아시아경제,127710
10806870.0,아우딘퓨쳐스,227610
8839800.0,아이디스,143160
3595800.0,아이디스홀딩스,054800
12135860.0,아이디피,332370
14144220.0,아이비김영,339950
15167660.0,아이비젼웍스,469750
16754210.0,IBKS제20호스팩,439730
16827400.0,IBKS제21호스팩,442770
17013280.0,IBKS제22호스팩,448760
17857000.0,IBKS제23호스팩,467930
17927910.0,IBKS제24호스팩,469480
16783120.0,아이빔테크놀로지,460470
5509940.0,아이센스,099190
6572240.0,아이스크림미디어,461300
9839340.0,아이스크림에듀,289010
6124890.0,아이쓰리시스템,214430
2983770.0,아이씨디,040910
13028530.0,아이씨에이치,368600
13737090.0,아이씨티케이,456010
3657580.0,아이앤씨,052860
17067940.0,아이언디바이스,464500
5729050.0,ISC,095340
2522690.0,아이에이,038880
13262790.0,아이엘사이언스,307180
6096340.0,아이엠,101390
14973730.0,아이엠비디엑스,461030
3700060.0,iMBC,052220
15461010.0,아이엠티,451220
3656240.0,아이윈,090150
6157230.0,아이윈플러스,123010
2009100.0,아이즈비전,031310
9454570.0,아이진,185490
4072850.0,아이컴포넌트,059100
11468220.0,아이퀘스트,262840
5543520.0,아이큐어,175250
4057190.0,아이크래프트,052460
6260110.0,아이텍,119830
3469110.0,아이톡시,052770
6208680.0,아이티센,124500
14298400.0,아이티아이즈,372800
5799800.0,아이티엠반도체,084850
6922540.0,아이패밀리에스씨,114840
1568950.0,아주IB투자,027360
2011310.0,아즈텍WB,032080
1390830.0,아진산업,013310
4042880.0,아진엑스텍,059120
5951820.0,아톤,158430
11165020.0,아티스트유나이티드,321820
1392050.0,안국약품,001540
2982700.0,안랩,053800
6318370.0,안트로젠,065660
13097950.0,알로이스,297570
4470070.0,알리코제약,260660
2290300.0,알멕,354320
13030290.0,알비더블유,361570
8389620.0,알서포트,131370
8581240.0,알에스오토메이션,140670
13436650.0,RF머트리얼즈,327260
5162460.0,알에프세미,096610
10781780.0,RFHIC,218410
3098310.0,알에프텍,061040
9155080.0,알엔투테크놀로지,148250
14054510.0,알체라,347860
9896190.0,알테오젠,196170
8216070.0,알톤,123750
3642540.0,알티캐스트,085810
2201090.0,알파녹스,043100
6051240.0,알파홀딩스,117670
11822590.0,알피바이오,314140
12652510.0,압타머사이언스,291650
12515950.0,압타바이오,293780
8080860.0,애니젠,196300
13355780.0,애니플러스,310200
12590560.0,애닉,299910
10229020.0,애드바이오텍,179530
7812020.0,애머릿지,900100
10424290.0,액션스퀘어,205500
3480340.0,액토즈소프트,052790
11419420.0,액트로,290740
9421310.0,앤디포스,238090
5373370.0,앤씨앤,092600
12077160.0,앱코,129890
9911910.0,앱클론,174900
8753070.0,야스,255440
1396850.0,양지사,030960
5914410.0,어보브반도체,102120
9710900.0,어스앤에어로스페이스,263540
10736780.0,얼라인드,238120
1692150.0,에너토크,019990
12015900.0,에브리봇,270660
2646350.0,에스넷,038680
10996670.0,에스디생명공학,217480
6048150.0,에스디시스템,121890
5746110.0,SDN,099220
12580200.0,에스바이오메딕스,304360
5991510.0,SV인베스트먼트,289080
5678970.0,에스비비테크,389500
1569100.0,SBI인베스트먼트,019550
1718670.0,에스씨디,042110
2607450.0,SCI평가정보,036120
11101820.0,SCL사이언스,246960
11104740.0,에스씨엠생명과학,298060
1209060.0,에스아이리소스,065420
1370120.0,에스앤더블류,103230
5608490.0,에스앤디,260970
4110480.0,에스앤에스텍,101490
5855380.0,에스에너지,095910
12503740.0,에스에스알,275630
10824180.0,SAMG엔터,419530
1286610.0,에스에이엠티,031330
3792290.0,에스에이티,060540
14401530.0,에스에이티이엔지,351320
3582710.0,에스에프에이,056190
3012460.0,SFA반도체,036540
4559810.0,에스엔유,080000
5806670.0,S&K폴리텍,091340
9575680.0,에스엘에너지,214310
11127000.0,에스엘에스바이오,246250
3676040.0,SM Life Design,063440
2609300.0,에스엠,041510
1850460.0,SM C&C,048550
1379150.0,에스엠코어,007820
16864270.0,에스오에스랩,464080
5354810.0,에스와이,109610
11350840.0,에스와이스틸텍,365330
1808650.0,에스유홀딩스,031860
12224320.0,에스제이그룹,306040
1412460.0,SGC E&C,016250
3515790.0,SGA,049470
9883640.0,SGA솔루션즈,184230
2647140.0,SG&G,040610
9639760.0,SG,255220
17447030.0,에스케이증권제10호스팩,457940
17974400.0,에스케이증권제11호스팩,472230
17987220.0,에스케이증권제12호스팩,473000
18018220.0,에스케이증권제13호스팩,473950
16711970.0,에스케이증권제8호스팩,435870
17255770.0,에스케이증권제9호스팩,455910
5732690.0,에스코넥,096630
3067190.0,에스텍,069510
10140550.0,에스트래픽,234300
2983400.0,에스티아이,039440
6121880.0,에스티오,098660
2731100.0,에스티큐브,052020
8718330.0,에스티팜,237690
3402720.0,에스폴리텍,050760
12578720.0,에스퓨얼셀,288620
13813910.0,에스피소프트,443670
6247490.0,에스피시스템스,317830
2206860.0,에스피지,058610
2032090.0,에쎈테크,043340
3569270.0,에이디칩스,054630
6570020.0,에이디테크놀로지,200710
6088390.0,에이루트,096690
12568640.0,에이비엘바이오,298380
9773770.0,에이비온,203400
6205580.0,에이비프로바이오,195990
1400520.0,에이스침대,003800
5569070.0,에이스테크,088800
9752900.0,에이스토리,241840
15385280.0,에이에스텍,453860
12232190.0,에이에프더블류,312610
4933250.0,에이엘티,172670
15404530.0,에이직랜드,445090
10113680.0,에이치브이엠,295310
5239360.0,HB솔루션,297890
3094600.0,HB인베스트먼트,440290
2552750.0,HB테크놀러지,078150
5274640.0,에이치시티,072990
2309110.0,HRS,036640
1992520.0,HLB,028300
11894380.0,HLB바이오스텝,278650
3655900.0,HLB생명과학,067630
3368170.0,HLB제약,047920
5528590.0,HLB테라퓨틱스,115450
1720790.0,HLB파나진,046210
10114380.0,에이치엘사이언스,239610
17674940.0,에이치엠씨제6호스팩,462020
18133770.0,에이치엠씨제7호스팩,477340
8859060.0,에이치와이티씨,148930
2351830.0,에이치케이,044780
10120660.0,HK이노엔,195940
12888270.0,HPSP,403870
10687370.0,에이치피오,357230
14443800.0,에이텀,355690
3848870.0,에이테크솔루션,071670
2565020.0,에이텍,045660
10998610.0,에이텍모빌리티,224110
1614620.0,에이티넘인베스트,021080
6674250.0,에이팩트,200470
6042680.0,에이프로,262260
13758220.0,에이프릴바이오,397030
12038080.0,AP시스템,265520
2960780.0,APS,054620
8748030.0,AP위성,211270
6531940.0,AP헬스케어,109960
11084420.0,에치에프알,230240
10293940.0,에코마케팅,230360
2878120.0,에코바이오,038870
5623600.0,에코볼트,097780
12182990.0,에코아이,448280
6196400.0,에코앤드림,101360
8704810.0,에코캡,128540
5365410.0,에코프로,086520
11603630.0,에코프로비엠,247540
15662480.0,에코프로에이치엔,383310
1391530.0,에코플라스틱,038110
4425610.0,에프알텍,073540
3310160.0,에프앤가이드,064850
10614970.0,FSN,214270
2234340.0,에프에스티,036810
9252950.0,에프엔씨엔터,173940
4760360.0,에프엔에스테크,083500
3605770.0,엑사이엔씨,054940
9560280.0,엑세스바이오,950130
14922170.0,엑셀세라퓨틱스,373110
10420850.0,엑셈,205100
13727820.0,엑스게이트,356680
6830070.0,엑스큐어,070300
12317860.0,엑스페릭스,317770
15146980.0,엑스플러스,373200
4260680.0,엑시온그룹,069920
6117360.0,엑시콘,092870
9645950.0,엔바이오니아,317870
1464360.0,엔브이에이치코리아,067570
10510650.0,엔비티,236810
13107730.0,엔시스,333620
6413930.0,엔시트론,101400
5432040.0,엔에스이엔엠,078860
16195130.0,엔에이치스팩23호,422040
16745380.0,엔에이치스팩24호,437780
16744680.0,엔에이치스팩25호,438580
16752540.0,엔에이치스팩26호,439410
16774290.0,엔에이치스팩27호,440820
17126160.0,엔에이치스팩29호,451700
17850560.0,엔에이치스팩30호,466910
18341940.0,엔에이치스팩31호,481890
6450890.0,NHN벅스,104200
3577400.0,NHN KCP,060250
12178290.0,엔에프씨,265740
3639270.0,NE능률,053290
13979030.0,엔젠바이오,354200
15920490.0,엔젤로보틱스,455900
15870560.0,엔젯,419080
10843640.0,엔지스테크널러지,208860
6068860.0,엔지켐생명과학,183490
9776500.0,엔케이맥스,182400
10115260.0,엔켐,348370
4157070.0,엔텔스,069410
11056210.0,엔투텍,227950
12769010.0,엔피,291230
8766430.0,엔피디,198080
10375420.0,NPX,222160
1084900.0,엔피케이,048830
5405710.0,엘디티,096870
5270110.0,LB루셈,376190
4123480.0,LB세미콘,061970
2319010.0,LB인베스트먼트,309960
11815150.0,엘앤씨바이오,290650
9182220.0,엘앤케이바이오,156100
2257420.0,LS마린솔루션,060370
15281410.0,LS머트리얼즈,417200
3304240.0,LS증권,078020
4942180.0,엘엠에스,073110
4846820.0,엘오티베큠,083310
2427120.0,엘컴텍,037950
9925430.0,LK삼양,225190
8660620.0,엘티씨,170920
17046800.0,M83,476080
3970580.0,엠게임,058630
3969250.0,엠로,058970
1366420.0,엠벤처투자,019590
14971420.0,엠아이큐브솔루션,373170
5318290.0,엠아이텍,179290
1211540.0,엠에스씨,009780
2595450.0,엠에스오토텍,123040
13844770.0,엠에프엠코리아,323230
1108840.0,엠젠솔루션,032790
1216860.0,엠케이전자,033160
6707660.0,엠투아이,347890
1432260.0,엠투엔,033310
8330640.0,엠플러스,259630
7661060.0,엣지파운드리,105550
5321290.0,영림원소프트랩,060850
5696460.0,영우디에스피,143540
1413890.0,영풍정밀,036560
6599760.0,영화테크,265560
2599340.0,예림당,036000
11661090.0,예선테크,250930
3628580.0,예스24,053280
5305560.0,예스티,122640
11694340.0,오가닉티코스메틱,900300
2209690.0,오공,045060
5298150.0,오디텍,080520
1415560.0,오로라,039830
10164790.0,오로스테크놀로지,322310
2979890.0,오르비텍,046120
1416080.0,오리엔탈정공,014940
3004050.0,오리엔트정공,065500
1416710.0,오리콤,010470
14729300.0,오브젠,417860
4945460.0,오비고,352910
2265470.0,오상자이엘,053980
2606570.0,오상헬스케어,036220
3500480.0,오성첨단소재,052420
2636540.0,오스코텍,039200
1751730.0,오스템,031510
14916070.0,오에스피,368970
5714830.0,오이솔루션,138080
5431070.0,오킨스전자,080580
3972890.0,오텍,067170
10842940.0,오토앤,353590
8678490.0,오파스넷,173130
3350760.0,오픈베이스,049480
15711070.0,오픈엣지테크놀로지,394280
13354530.0,오하임앤컴퍼니,309930
10701490.0,올리패스,244460
11137180.0,올릭스,226950
2650050.0,옴니시스템,057540
8314280.0,옵투스제약,131030
3273960.0,옵트론텍,082210
6602910.0,옵티시스,109080
15069900.0,옵티코어,380540
9717260.0,옵티팜,153710
2962630.0,YW,051390
14062650.0,와이랩,432430
12262340.0,와이바이오로직스,338840
3072220.0,YBM넷,057030
7592940.0,와이솔,122990
11095390.0,와이씨,232140
6195070.0,와이씨켐,112290
2501370.0,와이어블,065530
1907560.0,와이엔텍,067900
1408580.0,와이엠,007530
8708610.0,와이엠씨,155650
12156180.0,와이엠텍,273640
6021720.0,와이엠티,251370
3702000.0,와이오엠,066430
12365320.0,와이즈버즈,273060
1397190.0,와이지-원,019210
6133180.0,와이지엔터테인먼트,122870
2002750.0,YTN,040300
10151600.0,와이팜,332570
4558750.0,와토스코리아,079000
2310440.0,우리기술,032820
2316640.0,우리기술투자,041190
6640480.0,우리넷,115440
2960050.0,우리로,046970
3691070.0,우리바이오,082850
10775770.0,우리산업,215360
3596230.0,우리산업홀딩스,072470
4134170.0,우리손에프앤지,073560
1556920.0,우리엔터프라이즈,037400
8150950.0,우리이앤엘,153490
5672220.0,우림피티에스,101170
3014220.0,우수AMS,066590
4868750.0,우양,103840
3632460.0,우원개발,046940
10650130.0,우정바이오,215380
3909030.0,우주일렉트로,065680
1035470.0,우진비앤지,018620
10305030.0,우진엔텍,457550
8664510.0,워트,396470
13262240.0,원바이오젠,307280
2109800.0,원익,032940
6236610.0,원익머트리얼즈,104830
11359410.0,원익IPS,240810
1281750.0,원익큐브,014190
4683740.0,원익QnC,074600
10208430.0,원익피앤이,217820
2166470.0,원익홀딩스,030530
1439070.0,원일특강,012620
14592120.0,원준,382840
14079090.0,원텍,336570
14416110.0,원티드랩,376980
1440120.0,원풍,008370
1440210.0,원풍물산,008290
5800650.0,월덱스,101160
14089990.0,웨이버스,336060
5266960.0,웨이브일렉트로,095270
3621590.0,웰크론,065950
4875460.0,웰크론한텍,076080
2606110.0,웰킵스하이텍,043590
8643380.0,웹스,196700
4053200.0,웹젠,069080
3238680.0,웹케시,053580
3005570.0,위니아,071460
11754990.0,위니아에이드,377460
2938860.0,위닉스,044340
7658510.0,위더스제약,330350
9255870.0,위드텍,348350
4443290.0,위메이드,112040
6436560.0,위메이드맥스,101730
8157670.0,위메이드플레이,123420
3747380.0,위세아이텍,065370
2642280.0,위즈코프,038620
12763270.0,위지윅스튜디오,299900
2583600.0,위지트,036090
8687050.0,윈스,136540
5362860.0,윈팩,097800
9108400.0,윈하이텍,192390
14055850.0,윙스풋,335870
13286390.0,윙입푸드,900340
2605690.0,유니셈,036200
1442430.0,유니슨,018000
4082660.0,유니온커뮤니티,203450
1471520.0,유니크,011320
5404470.0,유니테스트,086390
5318650.0,유니테크노,241690
8790200.0,유니트론텍,142210
4072940.0,유라클,088340
2017420.0,유라테크,048430
9275580.0,유바이오로직스,206650
5926530.0,유비벨록스,089850
5310780.0,유비온,084440
2200570.0,유비케어,032620
12033760.0,유비쿼스,264450
4113850.0,유비쿼스홀딩스,078070
1739990.0,유성티엔에스,024800
1446500.0,유신,054930
4001210.0,유아이디,069330
2563800.0,유아이엘,049520
16706750.0,유안타제10호스팩,435380
16883460.0,유안타제11호스팩,444920
16902350.0,유안타제12호스팩,446150
17017530.0,유안타제13호스팩,449020
17068190.0,유안타제14호스팩,450940
17989800.0,유안타제15호스팩,473050
18044760.0,유안타제16호스팩,474490
16636390.0,유안타제9호스팩,430700
11963130.0,유에스티,263770
11525860.0,유일로보틱스,388720
13686370.0,유일에너테크,340930
1846670.0,유진기업,023410
17870720.0,유진스팩10호,468760
16788350.0,유진스팩9호,442130
2342270.0,유진로봇,056080
5310140.0,유진테크,084370
10850260.0,유진테크놀로지,240600
10266160.0,유투바이오,221800
9617740.0,유티아이,179900
11106780.0,유틸렉스,263050
8439000.0,육일씨엔에쓰,191410
9253740.0,윤성에프앤씨,372170
4956330.0,율촌,146060
5830260.0,율호,072770
1848890.0,이건홀딩스,039020
3648470.0,이글루,067920
1454730.0,이글벳,044960
12648720.0,이노뎁,303530
13416300.0,이노룰스,296640
12587100.0,이노메트리,302430
17005870.0,이노스페이스,462350
9653180.0,이노시뮬레이션,274400
3466100.0,이노시스,056090
4621210.0,이노와이어리스,073490
10656790.0,이노인스트루먼트,215790
14191350.0,이노진,344860
4944760.0,이녹스,088390
12375400.0,이녹스첨단소재,272290
3536100.0,이니텍,053350
3381700.0,이닉스,452400
11991890.0,이랜시스,264850
2066590.0,이랜텍,054210
1164260.0,이렘,009730
11424000.0,이루다,164060
3905140.0,이루온,065440
6949420.0,이미지스,115610
18157640.0,이베스트스팩6호,478110
5339240.0,이브이첨단소재,131400
11356400.0,이삭엔지니어링,351330
4543990.0,이상네트웍스,080010
5268720.0,이수앱지스,086890
2734200.0,이스트소프트,047560
7990700.0,이스트아시아홀딩스,900110
11286220.0,이스트에이드,239340
4000600.0,이씨에스,067010
15168900.0,이에이트,418620
15444680.0,이엔셀,456070
5301850.0,이엔에프테크놀로지,102710
1372890.0,이엘씨,041520
3740200.0,이엘피,063760
6162900.0,이엠넷,123570
4757180.0,이엠앤아이,083470
5269510.0,이엠코리아,095190
5411630.0,이엠텍,091120
2464170.0,이오테크닉스,039030
12743100.0,이오플로우,294090
11825500.0,EDGC,245620
4091400.0,이원컴포텍,088290
2610540.0,EG,037370
14805680.0,이지바이오,353810
4900900.0,이지케어텍,099750
11408370.0,이지트로닉스,377330
2423780.0,이지홀딩스,035810
8184720.0,이큐셀,160600
6347280.0,이크레더블,092130
4807560.0,이트론,096040
7887370.0,이퓨쳐,134060
1456680.0,이화공영,001840
1457380.0,이화전기,024810
2699220.0,인바디,041830
3678710.0,인바이오,352940
4093710.0,인베니아,079950
15164560.0,인벤티지랩,389470
12431610.0,인산가,277410
3759310.0,인선이엔티,060150
2290210.0,인성정보,033230
12221130.0,인스웨이브시스템즈,450520
2654210.0,인지디스플레,037330
6411710.0,인지소프트,100030
10136940.0,인카금융서비스,211050
4759760.0,인콘,083640
3904080.0,인크레더블버즈,064090
8190730.0,인크로스,216050
2268660.0,인탑스,049070
6044260.0,인터로조,119610
1459140.0,인터엠,017250
3691700.0,인터플렉스,051370
4797870.0,인텍플러스,064290
6641810.0,인텔리안테크,189300
6611570.0,인트로메딕,150840
2924340.0,인트론바이오,048530
4914150.0,인포바인,115310
2437570.0,인포뱅크,039290
4359690.0,인피니트헬스케어,071200
4824260.0,인화정공,101930
13966760.0,일승,333430
3854150.0,일신바이오,068330
9238260.0,일월지엠엘,178780
1465600.0,일지테크,019540
4851770.0,일진파워,094820
11657390.0,잉글우드랩,950140
2616560.0,잉크테크,049550
13650380.0,자람테크놀로지,389020
11740380.0,자비스,254120
4183790.0,자연과환경,043910
10205240.0,자이글,234920
12644380.0,자이언트스텝,289220
6596840.0,장원테크,174880
1470820.0,재영솔루텍,049630
13832290.0,저스템,417840
6327930.0,전진바이오팜,110020
10474150.0,정다운,208140
2877880.0,정상제이엘에스,040420
1477720.0,정원엔시스,045510
6662040.0,제너셈,217190
5459290.0,제넥신,095700
4089560.0,제넨바이오,072520
7995390.0,제노레이,122310
10147180.0,제노코,361390
10621770.0,제놀루션,225220
6249980.0,제닉,123330
12934850.0,제닉스,381620
5638370.0,제로투세븐,159580
8995560.0,제룡산업,147830
1853560.0,제룡전기,033100
4425700.0,제우스,079370
1104310.0,JW신약,067290
3613810.0,제이브이엠,054950
1485310.0,제이스코홀딩스,023440
4931850.0,제이스텍,090470
12676020.0,제이시스메디칼,287410
6648530.0,제이씨케미칼,137950
2235130.0,제이씨현시스템,033320
13675860.0,제이아이테크,417500
4475750.0,제이앤티씨,204270
1202890.0,제이에스티나,026040
13094210.0,제이엔비,452160
4421540.0,제이엔케이글로벌,126880
11532930.0,제이엘케이,322510
2224350.0,제이엠아이,033050
5335080.0,제이엠티,094970
4118080.0,제이오,418550
2586890.0,JYP Ent.,035900
15531290.0,제이투케이바이오,420570
3654570.0,제이티,089790
10418280.0,JTC,950170
1855050.0,제일바이오,052670
5287910.0,제일엠앤에스,412540
1484700.0,제일일렉트릭,199820
1485950.0,제일테크노스,038010
12302550.0,제주맥주,276730
4474870.0,제주반도체,080220
12228670.0,제테마,216080
10514720.0,젠큐릭스,229000
4928940.0,젬백스,082270
2918600.0,조광ILI,044060
2318310.0,조아제약,034940
3972520.0,조이시티,067000
2050030.0,좋은사람들,033340
2521350.0,주성엔지니어링,036930
10129870.0,아모센스,357580
10823480.0,오스테오닉,226400
15851550.0,오픈놀,440320
9839160.0,제노포커스,187420
13577650.0,큐라티스,348080
4153270.0,중앙백신,072020
1497700.0,중앙에너비스,000440
3477160.0,중앙첨단소재,051980
11082480.0,지노믹트리,228760
12760260.0,지놈앤컴퍼니,314130
14941540.0,지니너스,389030
2237620.0,지니뮤직,043610
9622230.0,지니언스,263860
13189330.0,지니틱스,303030
2571490.0,지더블유바이텍,036180
10471690.0,지란지교시큐리티,208350
10106420.0,지씨셀,144510
13510800.0,지아이이노베이션,358570
13113100.0,지아이텍,382480
9583270.0,지앤비에스 에코,382800
3891100.0,지어소프트,051160
3519950.0,지에스이,053050
4919380.0,GH신소재,130500
6264640.0,지엔씨에너지,119850
2581020.0,지엔코,065060
10423590.0,지엘팜텍,204840
12285150.0,지오릿에너지,270520
6689650.0,지오엘리먼트,311320
14626050.0,지투파워,388050
1708770.0,진로발효,018120
5529920.0,진매트릭스,109820
4910530.0,진바이오텍,086060
1742080.0,진성티이씨,036890
14378580.0,진시스템,363250
1505360.0,진양제약,007370
8169330.0,진영,285800
5256790.0,차바이오텍,085660
11415990.0,차백신연구소,261780
11076650.0,크리스탈신소재,900250
9098350.0,차이커뮤니케이션,351870
6067700.0,참좋은여행,094850
1235230.0,창해에탄올,004650
8977520.0,천보,278280
15345770.0,청담글로벌,362320
2164340.0,체리부로,066360
2994640.0,초록뱀미디어,047820
5799710.0,칩스앤미디어,094360
1522600.0,카스,016920
12635270.0,카이노스메드,284620
11373830.0,카카오게임즈,293490
11162650.0,카티스,140430
2608790.0,카페24,042000
8630380.0,캐리,313760
12672220.0,캐리소프트,317530
3025820.0,캐스텍코리아,071850
3300440.0,캠시스,050110
14971240.0,캡스톤파트너스,452300
16852510.0,컨텍,451760
12362860.0,컬러레이,900310
4764980.0,컴투스,078340
5357460.0,컴투스홀딩스,063080
5981980.0,컴퍼니케이,307930
4797050.0,케스피온,079190
11871480.0,케어랩스,263700
5498910.0,케어젠,214370
3709180.0,케이디켐,221980
11681430.0,골든센츄리,900280
2551050.0,케이바이오,038530
1580240.0,KBI메탈,024840
16212800.0,케이비제21호스팩,424140
17247090.0,KB제25호스팩,455250
17661670.0,KB제26호스팩,458320
17855510.0,KB제27호스팩,464680
18107960.0,KB제28호스팩,476470
18162680.0,KB제29호스팩,478390
18516500.0,KB제30호스팩,486630
8761660.0,KBG,318000
10030400.0,케이사인,192250
16892660.0,케이쓰리아이,431190
1054660.0,KCC건설,021320
2650410.0,KCI,036670
4416500.0,케이씨에스,115500
4414470.0,케이씨티,089150
1017520.0,케이씨피드,025880
6033480.0,케이아이엔엑스,093320
5368880.0,케이알엠,093640
6184100.0,KS인더스트리,101000
3281910.0,케이에스피,073010
10979060.0,KH 건설,226360
1259650.0,KH 미래물산,111870
3786280.0,KH바텍,060720
6579870.0,KX,122450
2768340.0,KX하이텍,052900
6066640.0,케이엔더블유,105330
3040760.0,케이엔솔,053080
6726030.0,케이엔알시스템,199430
14029950.0,케이엔에스,432470
2081340.0,KNN,058400
7691580.0,케이엔제이,272110
2466200.0,케이엘넷,039420
2429340.0,케이엠,083550
2263520.0,케이엠더블유,032500
10957040.0,케이엠제약,225430
6686000.0,케이옥션,102370
4268280.0,케이웨더,068100
4052780.0,KG모빌리언스,046440
3661370.0,KG에코솔루션,151860
2645470.0,KG이니시스,035600
2609580.0,케이티알파,036030
1524370.0,케이프,064820
10372140.0,케이피에스,256940
1576360.0,케이피에프,024880
2066860.0,케이피엠테크,042040
3576070.0,케이피티유,054410
9615070.0,케일럼,258610
11585530.0,켄코아에어로스페이스,274090
3714850.0,켐트로닉스,089010
10893500.0,켐트로스,220260
3497320.0,코나아이,052400
6019880.0,코난테크놀로지,402030
15732840.0,코닉오토메이션,391710
2958570.0,코다코,046070
3290930.0,코데즈컴바인,047770
3085590.0,코디,080530
5414370.0,코렌텍,104540
1525890.0,코리아나,027050
3049150.0,코리아에셋투자증권,190650
8034250.0,코리아에프티,123410
2681180.0,코맥스,036690
1527830.0,코메론,049430
9978120.0,코미코,183300
1874150.0,코미팜,041960
3659340.0,코세스,089890
14937930.0,코셈,360350
4424550.0,코스나인,082660
6562890.0,코스맥스엔비티,222040
7634730.0,코스메카코리아,241710
14762190.0,코스텍시스,355150
9896640.0,코아스템켐온,166480
2715010.0,코아시아,045970
10315020.0,코아시아씨엠,196450
15125750.0,코어라인소프트,384470
1974760.0,코엔텍,029960
5256420.0,코오롱생명과학,102940
12450620.0,코오롱티슈진,950160
1559480.0,코웰패션,033290
3606740.0,코위버,056360
12112320.0,코윈테크,282880
8073970.0,코이즈,121850
9592100.0,코츠테크놀로지,448710
4469010.0,코칩,126730
1877250.0,코콤,015710
3052970.0,코텍,052330
13642970.0,코퍼스코리아,322780
10324040.0,콜마비앤에이치,200130
13110550.0,쿠콘,294570
13112860.0,퀀타매트릭스,317690
5019700.0,퀀타피아,078940
12077610.0,퀀텀온,227100
15841830.0,퀄리타스반도체,432720
13977720.0,큐라클,365270
3568020.0,큐렉소,060280
14926510.0,큐로셀,372320
2963240.0,큐로홀딩스,051780
10426500.0,큐리언트,115180
14989740.0,큐리옥스바이오시스템즈,445680
9856860.0,큐브엔터,182360
10335910.0,큐알티,405100
4114460.0,큐에스아이,066310
2679420.0,큐캐피탈,016600
15140050.0,크라우드웍스,355390
5258820.0,크레버스,096240
3464070.0,크레오에스지,040350
5220070.0,크리스에프앤씨,110790
1852220.0,크린앤사이언스,045520
2328210.0,클라우드에어,036170
10613270.0,클래시스,214150
12019700.0,클리노믹스,352770
9577350.0,클리오,237880
5353750.0,키네마스터,139670
16168080.0,키움제6호스팩,413600
16675920.0,키움제7호스팩,433530
16939220.0,키움제8호스팩,446840
3537620.0,키이스트,054780
6173140.0,타이거일렉,219130
13608750.0,탑머티리얼,360070
3668450.0,탑엔지니어링,065130
6086990.0,탑코미디어,134580
1533750.0,태광,023160
13660000.0,태성,323280
1867170.0,태양,053620
1867990.0,태웅,044490
5622450.0,태웅로직스,124560
9265220.0,테고사이언스,191420
3730210.0,테라사이언스,073640
2498940.0,테라젠이텍스,066700
5244210.0,테스,095610
3702550.0,테크엘,064520
5356760.0,테크윙,089030
4231770.0,텔레칩스,054450
6088020.0,텔콘RF제약,200230
14364790.0,토마토시스템,393210
10640690.0,토박스코리아,215480
3903650.0,토비스,051360
3550890.0,토탈소프트,045340
5319170.0,톱텍,108230
5962600.0,투비소프트,079970
5475100.0,툴젠,199800
11342160.0,트루엔,417790
12170140.0,트윔,290090
1869390.0,특수건설,026150
12321920.0,티디에스팜,464280
13093880.0,티라유텍,322180
8670980.0,티로보틱스,117730
2046420.0,티비씨,033830
3726880.0,티사이언티픽,057680
6096610.0,티쓰리,204610
2454720.0,티씨케이,064760
11099370.0,티앤알바이오팹,246710
6084400.0,티앤엘,340570
3174870.0,티에스넥스젠,043220
11390350.0,티에스아이,277880
3722260.0,티에스이,131290
7782350.0,TS인베스트먼트,246690
13530240.0,TS트릴리온,317240
10353680.0,티에프이,425420
8147860.0,티엔엔터테인먼트,131100
9203790.0,티엘비,356860
2618870.0,티엘아이,062860
13359300.0,티움바이오,321550
13012520.0,티이엠씨,425040
11137540.0,티이엠씨씨엔에스,241790
2017330.0,TJ미디어,032540
1400610.0,TKG애강,022220
6935540.0,티케이케미칼,104480
4976310.0,티플랙스,081150
5785380.0,티피씨글로벌,130740
1086490.0,TPC,048770
4380360.0,팅크웨어,084730
12922910.0,파두,440110
1051380.0,파라텍,033540
14951800.0,파로스아이바이오,388870
2669340.0,파루,043200
9704530.0,파마리서치,214450
9722930.0,파멥신,208340
4296940.0,파버나인,177830
2381530.0,파세코,037070
6384870.0,파수,150900
2313540.0,파워넷,037030
2696120.0,파워로직스,047310
15134400.0,파이버프로,368770
4923530.0,파이오링크,170790
3500200.0,파인디앤씨,049120
2647320.0,파인디지털,038950
16867550.0,파인엠텍,441270
7557390.0,파인테크닉스,106240
8203520.0,파인텍,131760
3847620.0,파커스,065690
2447470.0,파크시스템스,140860
4901510.0,파트론,091700
2316910.0,판타지오,032800
9868980.0,팜스빌,318010
1924990.0,팜스토리,027710
11010410.0,패션플랫폼,225590
3390720.0,팬스타엔터프라이즈,054300
3971910.0,팬엔터테인먼트,068050
9629220.0,팬젠,222110
11462200.0,팸텍,271830
11524700.0,펄어비스,263750
7610590.0,펌텍코리아,251970
9573730.0,펨트론,168360
4158680.0,펩트론,087010
3926910.0,포니링크,064800
1887970.0,포메탈,119500
15136990.0,포바이포,389140
8623120.0,포스뱅크,105760
9399420.0,포시에스,189690
9623930.0,포인트모바일,318020
11796080.0,포인트엔지니어링,256630
13937210.0,포커스에이치엔에스,331380
18069510.0,폰드그룹,472850
6179980.0,폴라리스세원,234100
3692130.0,폴라리스AI,039980
4633420.0,폴라리스AI파마,041910
2698520.0,폴라리스오피스,041020
6636690.0,폴라리스우노,114630
12593110.0,푸드나무,290720
1651030.0,푸드웰,005670
5378320.0,푸른기술,094940
1248050.0,푸른저축은행,007330
4107390.0,푸른소나무,057880
1553730.0,풍강,093380
1554520.0,풍국주정,023900
4171670.0,풍원정밀,371950
13574460.0,퓨런티어,370090
10278280.0,퓨릿,445180
6531030.0,퓨처코어,151910
10535400.0,퓨쳐켐,220100
3563890.0,프럼파스트,035200
12584280.0,프레스티지바이오로직스,334970
13597360.0,프로이천,321260
3251120.0,프로텍,053610
12679580.0,프로티아,303360
12178650.0,프롬바이오,377220
11372950.0,프리시젼바이오,335810
3520640.0,프리엠스,053160
15758390.0,플라즈맵,405000
2974480.0,플래스크,041590
14543410.0,플래티어,367000
4901790.0,플랜티넷,075130
8628530.0,플레이디,237820
1383670.0,플레이위드,023770
1107500.0,플루토스,019570
12374340.0,플리토,300080
2760830.0,피노,033790
1895380.0,피델릭스,032580
2979340.0,피씨디렉트,051380
10510920.0,피씨엘,241820
5258640.0,피앤씨테크,237750
14192050.0,피앤에스미캐닉스,460940
13658250.0,피에스케이,319660
2084440.0,피에스케이홀딩스,031980
1556380.0,피에스텍,002230
1551510.0,피에이치에이,043370
11128890.0,피엔에이치테크,239890
12903810.0,피엔케이피부임상연구센타,347740
6122940.0,피엔티,137400
11445690.0,피엔티엠에스,257370
1335570.0,PN풍년,024940
6541750.0,피엠티,147760
8293800.0,피제이메탈,128660
1557350.0,피제이전자,006140
6040280.0,피코그램,376180
11182810.0,피플바이오,304840
4037660.0,피피아이,062970
4950860.0,픽셀플러스,087600
15245070.0,핀텔,291810
14883200.0,필에너지,378340
9387210.0,필옵틱스,161580
14053900.0,핌스,347770
11420750.0,핑거,163730
15849340.0,핑거스토리,417180
16962750.0,하나26호스팩,446750
17003740.0,하나27호스팩,448370
17243380.0,하나28호스팩,454750
17244170.0,하나29호스팩,454640
17913210.0,하나30호스팩,469880
17915610.0,하나31호스팩,469900
18077380.0,하나32호스팩,475240
18077290.0,하나33호스팩,475250
15932420.0,하나금융21호스팩,406760
16132810.0,하나금융22호스팩,418170
16694750.0,하나금융25호스팩,435620
6011910.0,하나기술,299030
4450540.0,하나마이크론,067310
6607500.0,하나머티리얼즈,166090
8577270.0,하림,136480
1483640.0,하림지주,003380
16635690.0,하스,450330
5274910.0,하이드로리튬,101670
15051860.0,하이딥,365590
9776410.0,하이로닉,149980
1650600.0,하이록코리아,013030
8259590.0,하이비젼시스템,126700
5428980.0,하이소닉,106080
17056250.0,하이제8호스팩,450050
6507710.0,하이젠알앤엠,160190
6883580.0,하이즈항공,221840
4099640.0,하이텍팜,106190
3911970.0,하이퍼코퍼레이션,065650
2217280.0,하츠,066130
1564420.0,한국가구,004590
2633710.0,한국경제TV,039340
1569560.0,한국기업평가,034950
5791390.0,한국맥널티,222980
11796170.0,한국비엔씨,256840
10312290.0,한국비티비,219750
1580150.0,한국선재,025550
1585650.0,한국알콜,017890
5328550.0,한국유니온제약,080720
3637690.0,한국전자금융,063570
3611690.0,한국전자인증,041460
2577320.0,한국정밀기계,101680
2619570.0,한국정보공학,039740
3064540.0,한국정보인증,053300
1593420.0,한국정보통신,025770
17612960.0,한국제12호스팩,458610
17759520.0,한국제13호스팩,464440
18143120.0,한국제14호스팩,477530
18186820.0,한국제15호스팩,479880
1495940.0,한국캐피탈,023760
3033960.0,한국컴퓨터,054040
1600100.0,한국큐빅,021650
1877700.0,한국파마,032300
1981920.0,한국팩키지,037230
2042620.0,한글과컴퓨터,030520
2447830.0,한네트,052600
10697360.0,한독크린텍,256150
5285150.0,한라IMS,092460
6074960.0,한빛레이저,452190
3482920.0,한빛소프트,047080
9584510.0,한선엔지니어링,452280
3899980.0,한성크린텍,066980
6259420.0,한솔아이원스,114810
4708290.0,한솔인티큐브,070590
11017220.0,한송네오텍,226440
3490600.0,한스바이오메드,042520
16026380.0,한싹,430690
4889890.0,한양디지텍,078350
2167620.0,한양이엔지,045100
13598150.0,한울반도체,320000
5601220.0,한울소재과학,091440
1628320.0,한일단조,024740
1629110.0,한일사료,005860
2679790.0,한일화학,007770
1566000.0,한주라이트메탈,198940
1464270.0,한주에이알티,058450
4745880.0,한중엔시에스,107640
2028390.0,한창산업,079170
3635920.0,한컴위드,054920
1405660.0,한탑,002680
16630550.0,한화플러스제3호스팩,430460
17251600.0,한화플러스제4호스팩,455310
2193610.0,해성산업,034810
4534420.0,해성에어로보틱스,059270
4837350.0,해성옵틱스,076610
7931550.0,핸디소프트,220180
11605120.0,헝셩그룹,900270
10133110.0,헥토이노베이션,214180
7637010.0,헥토파이낸셜,234340
3593950.0,헬릭스미스,084990
1645020.0,현대공업,170030
13584630.0,현대무벡스,319400
3470620.0,현대바이오랜드,052260
3136490.0,현대바이오,048410
1646180.0,현대사료,016790
2285360.0,현대에버다임,041440
14090220.0,현대ADM,187660
2550440.0,현대에이치티,039010
6569510.0,현대이지웰,090850
6673730.0,현대힘스,460930
3674550.0,현우산업,092300
8080680.0,협진,138360
1427130.0,형지I&C,011080
2884950.0,홈센타홀딩스,060560
3853360.0,홈캐스트,064240
2177430.0,화성밸브,039610
8252230.0,화신정공,126640
5270020.0,화인써키트,127980
1889730.0,화일약품,061250
3673850.0,효성오앤비,097870
12515770.0,휴네시온,290270
14536700.0,휴럼,353190
6231840.0,휴림네트웍스,192410
5404290.0,휴림로봇,090710
2308140.0,휴림에이텍,078590
10429790.0,휴마시스,205470
7870570.0,휴맥스,115160
2194400.0,휴맥스홀딩스,028080
8619970.0,휴먼테크놀로지,175140
6144780.0,휴메딕스,200670
3986680.0,휴비츠,065510
10638840.0,휴센텍,215090
11855660.0,휴엠앤씨,263920
11598530.0,휴온스,243070
2280590.0,휴온스글로벌,084110
8883470.0,휴젤,145020
1670040.0,흥구석유,024060
1670310.0,흥국,010240
9165160.0,흥국에프엔비,189980
2368630.0,희림,037440
5567120.0,힘스,238490
